USE QLBanhang;
ALTER TABLE KHACHHANG ALTER COLUMN TENKH NVARCHAR(30) NOT NULL;
ALTER TABLE KHACHHANG ADD CONSTRAINT CHK_DT CHECK (LEN(DT) <= 10);

ALTER TABLE VATTU ALTER COLUMN TENVT NVARCHAR(30) NOT NULL;
ALTER TABLE VATTU ADD
	CONSTRAINT CHK_GIAMUA CHECK (GIAMUA > 0),
	CONSTRAINT CHK_SLTON CHECK (SLTON >= 0);

ALTER TABLE HOADON ADD CONSTRAINT FK_KhachhangHoadon FOREIGN KEY (MAKH) REFERENCES KHACHHANG(MAKH);

ALTER TABLE CHITIETHOADON ADD
	CONSTRAINT FK_HoadonChitiethoadon FOREIGN KEY (MAHD) REFERENCES HOADON(MAHD),
	CONSTRAINT FK_VattuChitiethoadon FOREIGN KEY (MAVT) REFERENCES VATTU(MAVT),
	CONSTRAINT DF_SL DEFAULT 1 FOR SL,
	CONSTRAINT CHK_SL CHECK (SL > 0);

INSERT INTO VATTU VALUES 
	('VT01', 'XI MANG', 'BAO', 50000, 5000),
	('VT02', 'CAT', 'KHOI', 45000, 50000),
	('VT03', 'GACH  ONG', 'VIEN', 120, 800000),
	('VT04', 'GACH THE', 'VIEN', 110, 800000),
	('VT05', 'DA LON', 'KHOI', 25000, 100000),
	('VT06', 'DA NHO', 'KHOI', 33000, 100000),
	('VT07', 'LAM GIO', 'CAI', 15000, 50000);
INSERT INTO KHACHHANG VALUES 
	('KH01', 'NGUYEN THI BE', 'TAN BINH', '08457895', 'bnt@yahoo.com'),
	('KH02', 'LE HOANG NAM', 'BINH CHANH', '09878987', 'namlehoang @abc.com.vn'),
	('KH03', 'TRAN THI CHIEU', 'TAN BINH', '08457895', NULL),
	('KH04', 'MAI THI QUE ANH', 'BINH CHANH', NULL, NULL),
	('KH05', 'LE VAN SANG', 'QUAN 10', NULL, 'sanglv@hcm.vnn.vn'),
	('KH06', 'TRAN HOANG KHAI', 'TAN BINH', '08457897', NULL);
INSERT INTO HOADON VALUES
	('HD001', '20000512', 'KH01', 82000),
	('HD002', '20000525', 'KH02', 150),
	('HD003', '20000525', 'KH01', 55000),
	('HD004', '20000525', 'KH04', 270),
	('HD005', '20000526', 'KH04', 82000),
	('HD006', '20000602', 'KH03', 120),
	('HD007', '20000622', 'KH04', 125),
	('HD008', '20000625', 'KH03', 102000),
	('HD009', '20000815', 'KH04', 48000),
	('HD010', '20000930', 'KH01', 57000),
	('HD011', '20001227', 'KH06', 100000),
	('HD012', '20001227', 'KH01', 103150);
INSERT INTO CHITIETHOADON (MAHD, MAVT, SL, GIABAN) VALUES
	('HD001', 'VT01', 5, 52000),
	('HD001', 'VT05', 10, 30000),
	('HD002', 'VT03', 10000, 150),
	('HD003', 'VT02', 20, 55000),
	('HD004', 'VT03', 50000, 150),
	('HD004', 'VT04', 20000, 120), 
	('HD005', 'VT05', 10, 30000),
	('HD005', 'VT06', 15, 35000),
	('HD005', 'VT07', 20, 17000),
	('HD006', 'VT04', 10000, 120),
	('HD007', 'VT04', 20000, 125),
	('HD008', 'VT01', 100, 55000),
	('HD008', 'VT02', 20, 47000),
	('HD009', 'VT02', 25, 48000),
	('HD010', 'VT01', 25, 57000),
	('HD011', 'VT01', 20, 55000),
	('HD011', 'VT02', 20, 45000),
	('HD012', 'VT01', 20, 55000),
	('HD012', 'VT02', 10, 48000),
	('HD012', 'VT03', 10000, 150);

